{
  "text": "umber of his fair demands\nShall be accomplish'd without contradiction:\nWith all the gracious utterance thou hast\nSpeak to his ge",
  "decodedTokens": ["u", "m", "b", "e", "r", " ", "o", "f", " ", "h", "i", "s", " ", "f", "a", "i", "r", " ", "d", "e", "m", "a", "n", "d", "s", "\n", "S", "h", "a", "l", "l", " ", "b", "e", " ", "a", "c", "c", "o", "m", "p", "l", "i", "s", "h", "'", "d", " ", "w", "i", "t", "h", "o", "u", "t", " ", "c", "o", "n", "t", "r", "a", "d", "i", "c", "t", "i", "o", "n", ":", "\n", "W", "i", "t", "h", " ", "a", "l", "l", " ", "t", "h", "e", " ", "g", "r", "a", "c", "i", "o", "u", "s", " ", "u", "t", "t", "e", "r", "a", "n", "c", "e", " ", "t", "h", "o", "u", " ", "h", "a", "s", "t", "\n", "S", "p", "e", "a", "k", " ", "t", "o", " ", "h", "i", "s", " ", "g", "e"],
  "targetIdx": 13,
  "kldThreshold": 0.2,
  "klds": {
    "0": 0.177,
    "1": 0.156,
    "2": 0.142,
    "3": 0.095,
    "4": 0.2
  },
  "activations": {
    "2.3.859": 0.811,
    "0.0.181": 0.856,
    "0.1.13": 0.711,
    "2.2.124": 0.153,
    "0.2.211": 0.28,
    "1.0.237": 0.711,
    "4.0.227": 0.868,
    "0.3.350": 0.202,
    "1.1.231": 0.075,
    "4.1.108": 0.539,
    "0.4.119": 1.802,
    "2.0.173": 0.454,
    "2.1.41": 1.043,
    "4.2.83": 0.195
  },
  "normalizedActivations": {
    "2.3.859": 0.761,
    "0.0.181": 0.861,
    "0.1.13": 0.823,
    "2.2.124": 0.445,
    "0.2.211": 0.754,
    "1.0.237": 0.943,
    "4.0.227": 0.933,
    "0.3.350": 0.533,
    "1.1.231": 0.152,
    "4.1.108": 0.746,
    "0.4.119": 0.725,
    "2.0.173": 0.722,
    "2.1.41": 0.945,
    "4.2.83": 0.826
  },
  "probabilities": {
    "a": 0.467,
    "r": 0.151,
    "o": 0.147,
    "i": 0.091,
    "e": 0.073
  },
  "layerProbabilities": {
    "0": {
      "o": 0.346,
      "a": 0.228,
      "r": 0.19,
      "i": 0.082,
      "e": 0.077
    },
    "1": {
      "o": 0.312,
      "a": 0.236,
      "r": 0.175,
      "e": 0.088,
      "i": 0.086
    },
    "2": {
      "o": 0.288,
      "a": 0.243,
      "r": 0.152,
      "e": 0.107,
      "i": 0.106
    },
    "3": {
      "a": 0.311,
      "o": 0.202,
      "r": 0.18,
      "i": 0.093,
      "e": 0.084
    },
    "4": {
      "a": 0.241,
      "o": 0.224,
      "e": 0.162,
      "i": 0.158,
      "r": 0.098
    }
  },
  "graph": {
    "4.1.108": [
      ["4.0.227", 1.0]
    ],
    "2.1.41": [
      ["2.0.173", 1.0]
    ],
    "1.1.231": [
      ["4.0.227", 0.19034],
      ["2.0.173", 0.05939],
      ["1.0.237", 1.0]
    ],
    "0.1.13": [
      ["0.0.181", 1.0]
    ],
    "4.2.83": [
      ["4.1.108", 1.0]
    ],
    "2.2.124": [
      ["4.1.108", 0.02383],
      ["2.1.41", 1.0]
    ],
    "0.2.211": [
      ["2.1.41", 0.02521],
      ["1.1.231", 0.58493],
      ["0.1.13", 1.0]
    ],
    "2.3.859": [
      ["2.2.124", 0.0]
    ],
    "0.3.350": [
      ["4.2.83", 0.04407],
      ["2.2.124", 0.06517],
      ["0.2.211", 1.0]
    ],
    "0.4.119": [
      ["2.3.859", 0.0],
      ["0.3.350", 1.0]
    ]
  },
  "blockImportance": {
    "0.1": [
      ["0.0", 1.0]
    ],
    "1.1": [
      ["1.0", 0.931],
      ["2.0", 1.0],
      ["4.0", 0.062]
    ],
    "2.1": [
      ["2.0", 1.0]
    ],
    "4.1": [
      ["4.0", 1.0]
    ],
    "0.2": [
      ["0.1", 1.0],
      ["1.1", 0.82],
      ["2.1", 0.0]
    ],
    "2.2": [
      ["2.1", 1.0],
      ["4.1", 0.051]
    ],
    "4.2": [
      ["4.1", 1.0]
    ],
    "0.3": [
      ["0.2", 1.0],
      ["2.2", 0.083],
      ["4.2", 0.135]
    ],
    "2.3": [
      ["2.2", 0.0]
    ],
    "0.4": [
      ["0.3", 1.0],
      ["2.3", 0.0]
    ]
  },
  "featureImportance": {
    "4.0.227": 0.25,
    "2.0.173": 0.5,
    "1.0.237": 0.75,
    "0.0.181": 1.0,
    "4.1.108": 0.25,
    "2.1.41": 0.5,
    "1.1.231": 0.75,
    "0.1.13": 1.0,
    "4.2.83": 0.333,
    "2.2.124": 0.667,
    "0.2.211": 1.0,
    "2.3.859": 0.5,
    "0.3.350": 1.0,
    "0.4.119": 1.0
  }
}